postcode,stroke_team,short_code,ssnap_name,use_ivt,use_mt,use_msu,transfer_unit_postcode,lsoa_code,region,region_code,region_type,country,icb,icb_code,isdn,selected
SY231ER,Bronglais Hospital (Aberystwyth),AB,Bronglais Hospital,0,0,0,nearest,W01000512,Hywel Dda University Health Board,W11000025,LHB,Wales,,,,0
CB20QQ,"Addenbrooke's Hospital, Cambridge",AD,Addenbrooke's Hospital,1,1,1,nearest,E01017995,NHS Cambridgeshire and Peterborough ICB - 06H,E38000260,SICBL,England,NHS Cambridgeshire and Peterborough Integrated Care Board,E54000056,East of England (South),0
L97AL,"University Hospital Aintree, Liverpool",AI,University Hospital Aintree,1,1,1,nearest,E01006654,NHS Cheshire and Merseyside ICB - 99A,E38000101,SICBL,England,NHS Cheshire and Merseyside Integrated Care Board,E54000008,Cheshire and Merseyside,0
CH495PE,"Arrowe Park Hospital, Wirral",AR,Wirral Arrowe Park Hospital,0,0,0,nearest,E01007251,NHS Cheshire and Merseyside ICB - 12F,E38000208,SICBL,England,NHS Cheshire and Merseyside Integrated Care Board,E54000008,Cheshire and Merseyside,0
BA13NG,Royal United Hospital Bath,BA,Royal United Hospital Bath,0,0,0,nearest,E01014428,"NHS Bath and North East Somerset, Swindon and Wiltshire ICB - 92G",E38000231,SICBL,England,"NHS Bath and North East Somerset, Swindon and Wiltshire Integrated Care Board",E54000040,"Gloucester, BSW, BNSSG and Somerset",0
BD96RJ,Bradford Royal Infirmary,BD,Bradford and Airedale SU,0,0,0,nearest,E01010810,NHS West Yorkshire ICB - 36J,E38000232,SICBL,England,NHS West Yorkshire Integrated Care Board,E54000054,West Yorkshire and Harrogate,0
MK429DJ,Bedford Hospital,BE,Bedford Hospital,0,0,0,nearest,E01017473,"NHS Bedfordshire, Luton and Milton Keynes ICB - M1J4Y",E38000249,SICBL,England,"NHS Bedfordshire, Luton and Milton Keynes Integrated Care Board",E54000024,East of England (South),0
CM17ET,"Broomfield Hospital, Chelmsford",BF,Broomfield Hospital,0,0,0,nearest,E01021542,NHS Mid and South Essex ICB - 06Q,E38000106,SICBL,England,NHS Mid and South Essex Integrated Care Board,E54000026,East of England (South),0
BN25BE,"Royal Sussex County Hospital, Brighton",BG,Royal Sussex County Hospital,1,1,1,nearest,E01016862,NHS Sussex ICB - 09D,E38000021,SICBL,England,NHS Sussex Integrated Care Board,E54000053,Sussex,0
FY38NR,Blackpool Teaching Hospitals NHS Foundation Trust,BL,Blackpool Victoria Hospital,0,0,0,nearest,E01012722,NHS Lancashire and South Cumbria ICB - 00R,E38000015,SICBL,England,NHS Lancashire and South Cumbria Integrated Care Board,E54000048,Lancashire and South Cumbria,0
B95SS,Birmingham Heartlands Hospital,BM,Birmingham Heartlands Hospital,0,0,0,nearest,E01009341,NHS Birmingham and Solihull ICB - 15E,E38000258,SICBL,England,NHS Birmingham and Solihull Integrated Care Board,E54000055,West Midlands,0
S752EP,Barnsley Hospital,BN,Barnsley Hospital,0,0,0,nearest,E01007446,NHS South Yorkshire ICB - 02P,E38000006,SICBL,England,NHS South Yorkshire Integrated Care Board,E54000061,South Yorkshire,0
BH77DW,Royal Bournemouth Hospital,BO,University Hospitals Dorset Stroke Service,0,0,0,nearest,E01015319,NHS Dorset ICB - 11J,E38000045,SICBL,England,NHS Dorset Integrated Care Board,E54000041,Wessex,0
EX314JB,"North Devon District Hospital, Barnstaple",BP,North Devon District Hospital,0,0,0,nearest,E01020134,NHS Devon ICB - 15N,E38000230,SICBL,England,NHS Devon Integrated Care Board,E54000037,"Devon, Cornwall and Isles of Scilly",0
BS28HW,Bristol Royal Infirmary,BR,University Hospitals Bristol Inpatient Team,0,0,0,nearest,E01014542,"NHS Bristol, North Somerset and South Gloucestershire ICB - 15C",E38000222,SICBL,England,"NHS Bristol, North Somerset and South Gloucestershire Integrated Care Board",E54000039,"Gloucester, BSW, BNSSG and Somerset",0
SS165NL,Basildon University Hospital,BS,Basildon University Hospital,0,0,0,nearest,E01021297,NHS Mid and South Essex ICB - 99E,E38000007,SICBL,England,NHS Mid and South Essex Integrated Care Board,E54000026,East of England (South),0
CF144XW,University Hospital of Wales (Cardiff),CA,University Hospital of Wales,1,1,1,nearest,W01001770,Cardiff and Vale University Health Board,W11000029,LHB,Wales,,,,0
SW66SX,"Charing Cross Hospital, London",CC,Charing Cross Hospital HASU,1,1,1,nearest,E01001906,NHS North West London ICB - W2U3Z,E38000256,SICBL,England,NHS North West London Integrated Care Board,E54000027,London,0
S445BL,Chesterfield Royal Hospital,CF,Chesterfield Royal,0,0,0,nearest,E01019585,NHS Derby and Derbyshire ICB - 15M,E38000261,SICBL,England,NHS Derby and Derbyshire Integrated Care Board,E54000058,East Midlands,0
CH21UL,"Countess of Chester Hospital, Chester",CH,Countess of Chester Hospital,0,0,0,nearest,E01018377,NHS Cheshire and Merseyside ICB - 27D,E38000233,SICBL,England,NHS Cheshire and Merseyside Integrated Care Board,E54000008,Cheshire and Merseyside,0
HX30PW,"Calderdale Royal Hospital, Halifax",CL,Calderdale Royal Hospital,0,0,0,nearest,E01010972,NHS West Yorkshire ICB - 02T,E38000025,SICBL,England,NHS West Yorkshire Integrated Care Board,E54000054,West Yorkshire and Harrogate,0
CO45JL,Colchester General Hospital,CO,Colchester General Hospital,0,0,0,nearest,E01021682,NHS Suffolk and North East Essex ICB - 06T,E38000117,SICBL,England,NHS Suffolk and North East Essex Integrated Care Board,E54000023,East of England (North),0
CA27HY,"Cumberland Infirmary, Carlisle",CU,Cumberland Infirmary,0,0,0,nearest,E01019205,NHS North East and North Cumbria ICB - 01H,E38000215,SICBL,England,NHS North East and North Cumbria Integrated Care Board,E54000050,North East and Cumbria,0
CV22DX,"University Hospital, Coventry",CV,University Hospital Coventry,1,1,1,nearest,E01009580,NHS Coventry and Warwickshire ICB - B2M3M,E38000251,SICBL,England,NHS Coventry and Warwickshire Integrated Care Board,E54000018,West Midlands,0
DA28DA,"Darent Valley Hospital, Dartford",DA,Darent Valley Hospital,0,0,0,nearest,E01024133,NHS Kent and Medway ICB - 91Q,E38000237,SICBL,England,NHS Kent and Medway Integrated Care Board,E54000032,Kent and Medway,0
DN25LT,Doncaster Royal Infirmary,DC,Doncaster Royal Infirmary,0,0,0,nearest,E01007567,NHS South Yorkshire ICB - 02X,E38000044,SICBL,England,NHS South Yorkshire Integrated Care Board,E54000061,South Yorkshire,0
DE223NE,Royal Derby Hospital,DE,Royal Derby Hospital,0,0,0,nearest,E01013542,NHS Derby and Derbyshire ICB - 15M,E38000261,SICBL,England,NHS Derby and Derbyshire Integrated Care Board,E54000058,East Midlands,0
PL68DH,"Derriford Hospital, Plymouth",DF,Derriford Hospital,1,1,1,nearest,E01015092,NHS Devon ICB - 15N,E38000230,SICBL,England,NHS Devon Integrated Care Board,E54000037,"Devon, Cornwall and Isles of Scilly",1
DT12JY,"Dorset County Hospital, Dorchester",DR,Dorset County Hospital,0,0,0,nearest,E01032643,NHS Dorset ICB - 11J,E38000045,SICBL,England,NHS Dorset Integrated Care Board,E54000041,Wessex,0
BN212UD,Eastbourne District General Hospital,EB,Eastbourne District General Hospital,0,0,0,nearest,E01020948,NHS Sussex ICB - 97R,E38000235,SICBL,England,NHS Sussex Integrated Care Board,E54000053,Sussex,0
BB23HH,East Lancashire Hospitals NHS Trust,EL,Royal Blackburn Hospital,0,0,0,nearest,E01012632,NHS Lancashire and South Cumbria ICB - 00Q,E38000014,SICBL,England,NHS Lancashire and South Cumbria Integrated Care Board,E54000048,Lancashire and South Cumbria,0
KT187EG,Epsom Hospital,EP,Epsom Hospital,0,0,0,nearest,E01030419,NHS Surrey Heartlands ICB - 92A,E38000246,SICBL,England,NHS Surrey Heartlands Integrated Care Board,E54000052,Frimley ICS,0
RH15RH,"East Surrey Hospital, Redhill",ES,East Surrey Hospital,0,0,0,nearest,E01030572,NHS Surrey Heartlands ICB - 92A,E38000246,SICBL,England,NHS Surrey Heartlands Integrated Care Board,E54000052,Frimley ICS,0
EX25DW,Royal Devon and Exeter Hospital,EX,Royal Devon and Exeter Hospital,0,0,0,nearest,E01020013,NHS Devon ICB - 15N,E38000230,SICBL,England,NHS Devon Integrated Care Board,E54000037,"Devon, Cornwall and Isles of Scilly",0
LA144LF,University Hospitals of Morecambe Bay NHS Foundation Trust,FG,Furness General Hospital,0,0,0,nearest,E01019155,NHS Lancashire and South Cumbria ICB - 01K,E38000228,SICBL,England,NHS Lancashire and South Cumbria Integrated Care Board,E54000048,Lancashire and South Cumbria,0
GU167UJ,Frimley Park Hospital,FR,Frimley Park Hospital,0,0,0,nearest,E01030768,NHS Frimley ICB - D4U1Y,E38000252,SICBL,England,NHS Frimley Integrated Care Board,E54000034,Frimley ICS,0
LL185UJ,Glan Clwyd District General Hospital (Rhyl),GC,Glan Clwyd District General Hospital,0,0,0,nearest,W01000191,Betsi Cadwaladr University Health Board,W11000023,LHB,Wales,,,,0
CV107DJ,"George Eliot Hospital, Nuneaton",GE,George Eliot Hospital,0,0,0,nearest,E01031049,NHS Coventry and Warwickshire ICB - B2M3M,E38000251,SICBL,England,NHS Coventry and Warwickshire Integrated Care Board,E54000018,West Midlands,0
GL13NN,"Gloucestershire Royal Hospital, Gloucester",GL,Gloucestershire Royal Hospital,0,0,0,nearest,E01022311,NHS Gloucestershire ICB - 11M,E38000062,SICBL,England,NHS Gloucestershire Integrated Care Board,E54000043,"Gloucester, BSW, BNSSG and Somerset",0
NP448YN,Grange University Hospital (Newport),GR,Grange University Hospital,0,0,0,nearest,W01001508,Aneurin Bevan University Health Board,W11000028,LHB,Wales,,,,0
GU27XX,"Royal Surrey County Hospital, Guildford",GU,None (for 72h care),0,0,0,nearest,E01030470,NHS Surrey Heartlands ICB - 92A,E38000246,SICBL,England,NHS Surrey Heartlands Integrated Care Board,E54000052,Frimley ICS,0
SN36BB,"Great Western Hospital, Swindon",GW,Great Western Hospital Swindon,0,0,0,nearest,E01015583,"NHS Bath and North East Somerset, Swindon and Wiltshire ICB - 92G",E38000231,SICBL,England,"NHS Bath and North East Somerset, Swindon and Wiltshire Integrated Care Board",E54000040,"Gloucester, BSW, BNSSG and Somerset",0
HG27SX,Harrogate District Hospital,HA,Harrogate District Hospital,0,0,0,nearest,E01027649,NHS Humber and North Yorkshire ICB - 42D,E38000241,SICBL,England,NHS Humber and North Yorkshire Integrated Care Board,E54000051,Humber Coast and Vale,0
HR12ER,Hereford County Hospital,HE,Hereford County Hospital,0,0,0,nearest,E01014011,NHS Herefordshire and Worcestershire ICB - 18C,E38000236,SICBL,England,NHS Herefordshire and Worcestershire Integrated Care Board,E54000019,West Midlands,0
RH164EX,"Princess Royal Hospital, Haywards Heath",HH,Princess Royal Hospital Haywards Heath,0,0,0,nearest,E01031756,NHS Sussex ICB - 70F,E38000248,SICBL,England,NHS Sussex Integrated Care Board,E54000053,Sussex,0
OX169AL,"Horton General Hospital, Banbury",HO,None (for 72h care),0,0,0,nearest,E01028427,"NHS Buckinghamshire, Oxfordshire and Berkshire West ICB - 10Q",E38000136,SICBL,England,"NHS Buckinghamshire, Oxfordshire and Berkshire West Integrated Care Board",E54000044,Thames Valley,0
HU32JZ,Hull Royal Infirmary,HU,Hull Royal Infirmary,1,1,1,nearest,E01012855,NHS Humber and North Yorkshire ICB - 03F,E38000085,SICBL,England,NHS Humber and North Yorkshire Integrated Care Board,E54000051,Humber Coast and Vale,0
RM70AG,Havering and Redbridge University Hospitals NHS Trust,HV,Queens Hospital Romford HASU,1,1,1,nearest,E01002248,NHS North East London ICB - A3A8R,E38000255,SICBL,England,NHS North East London Integrated Care Board,E54000029,London,0
IP45PD,Ipswich Hospital,IP,Ipswich Hospital,0,0,0,nearest,E01029964,NHS Suffolk and North East Essex ICB - 06L,E38000086,SICBL,England,NHS Suffolk and North East Essex Integrated Care Board,E54000023,East of England (North),0
TS43BW,"James Cook University Hospital, Middlesbrough",JC,James Cook University Hospital,1,1,0,nearest,E01012018,NHS North East and North Cumbria ICB - 16C,E38000247,SICBL,England,NHS North East and North Cumbria Integrated Care Board,E54000050,North East and Cumbria,0
NR316LA,"James Paget Hospitals, Great Yarmouth",JP,James Paget Hospital,0,0,0,nearest,E01026617,NHS Norfolk and Waveney ICB - 26A,E38000239,SICBL,England,NHS Norfolk and Waveney Integrated Care Board,E54000022,East of England (North),0
OX39DU,"John Radcliffe Hospital, Oxford",JR,John Radcliffe Hospital,1,1,1,nearest,E01028534,"NHS Buckinghamshire, Oxfordshire and Berkshire West ICB - 10Q",E38000136,SICBL,England,"NHS Buckinghamshire, Oxfordshire and Berkshire West Integrated Care Board",E54000044,Thames Valley,0
SE59RW,"King's College Hospital, London",KC,King's College Hospital HASU,1,1,1,nearest,E01003076,NHS South East London ICB - 72Q,E38000244,SICBL,England,NHS South East London Integrated Care Board,E54000030,London,0
NG174JL,"Kings Mill Hospital, Mansfield",KM,Kings Mill Hospital,0,0,0,nearest,E01027985,NHS Nottingham and Nottinghamshire ICB - 52R,E38000243,SICBL,England,NHS Nottingham and Nottinghamshire Integrated Care Board,E54000060,East Midlands,0
CT13NG,Kent and Canterbury Hospital,KT,Invicta Ward Kent and Canterbury Hospital,0,0,0,nearest,E01024046,NHS Kent and Medway ICB - 91Q,E38000237,SICBL,England,NHS Kent and Medway Integrated Care Board,E54000032,Kent and Medway,0
PR29HT,Lancashire Teaching Hospitals NHS Foundation Trust,LA,Royal Preston Hospital,1,1,1,nearest,E01025300,NHS Lancashire and South Cumbria ICB - 01E,E38000227,SICBL,England,NHS Lancashire and South Cumbria Integrated Care Board,E54000048,Lancashire and South Cumbria,0
LN25QY,Lincoln County Hospital,LC,Lincoln County Hospital,0,0,0,nearest,E01026125,NHS Lincolnshire ICB - 71E,E38000238,SICBL,England,NHS Lincolnshire Integrated Care Board,E54000013,East Midlands,0
LS13EX,Leeds General Infirmary,LD,Leeds General Infirmary,1,1,1,nearest,E01033008,NHS West Yorkshire ICB - 15F,E38000225,SICBL,England,NHS West Yorkshire Integrated Care Board,E54000054,West Yorkshire and Harrogate,0
LE15WW,Leicester Royal Infirmary,LE,Leicester Royal Infirmary,0,0,0,nearest,E01013647,"NHS Leicester, Leicestershire and Rutland ICB - 04C",E38000097,SICBL,England,"NHS Leicester, Leicestershire and Rutland Integrated Care Board",E54000015,East Midlands,0
CW14QJ,"Leighton Hospital, Crewe",LG,Leighton Hospital,0,0,0,nearest,E01018480,NHS Cheshire and Merseyside ICB - 27D,E38000233,SICBL,England,NHS Cheshire and Merseyside Integrated Care Board,E54000008,Cheshire and Merseyside,0
SG14AB,"Lister Hospital, Stevenage",LS,Lister Hospital,0,0,0,nearest,E01023800,NHS Hertfordshire and West Essex ICB - 06K,E38000049,SICBL,England,NHS Hertfordshire and West Essex Integrated Care Board,E54000025,East of England (South),0
LU40DZ,Luton and Dunstable Hospital,LT,Luton and Dunstable Hospital,0,0,0,nearest,E01015713,"NHS Bedfordshire, Luton and Milton Keynes ICB - M1J4Y",E38000249,SICBL,England,"NHS Bedfordshire, Luton and Milton Keynes Integrated Care Board",E54000024,East of England (South),0
L78XP,Royal Liverpool University Hospital,LU,Royal Liverpool University Hospital,0,0,0,nearest,E01006747,NHS Cheshire and Merseyside ICB - 99A,E38000101,SICBL,England,NHS Cheshire and Merseyside Integrated Care Board,E54000008,Cheshire and Merseyside,0
LL137TD,Maelor Hospital (Wrexham),MA,Maelor Hospital,0,0,0,nearest,W01000349,Betsi Cadwaladr University Health Board,W11000023,LHB,Wales,,,,0
LA14RP,University Hospitals of Morecambe Bay NHS Foundation Trust,MB,Royal Lancaster Infirmary,0,0,0,nearest,E01033073,NHS Lancashire and South Cumbria ICB - 01K,E38000228,SICBL,England,NHS Lancashire and South Cumbria Integrated Care Board,E54000048,Lancashire and South Cumbria,0
ME169QQ,Maidstone District General Hospital,MD,Maidstone District General Hospital,0,0,0,nearest,E01033088,NHS Kent and Medway ICB - 91Q,E38000237,SICBL,England,NHS Kent and Medway Integrated Care Board,E54000032,Kent and Medway,0
MK65LD,Milton Keynes General Hospital,MK,Milton Keynes General Hospital,0,0,0,nearest,E01016845,"NHS Bedfordshire, Luton and Milton Keynes ICB - M1J4Y",E38000249,SICBL,England,"NHS Bedfordshire, Luton and Milton Keynes Integrated Care Board",E54000024,East of England (South),0
WS29PS,"Manor Hospital, Walsall",MN,None (for 72h care),0,0,0,nearest,E01010363,NHS Black Country ICB - D2P2L,E38000259,SICBL,England,NHS Black Country Integrated Care Board,E54000062,North Midlands,0
SA66NL,Morriston Hospital (Swansea),MO,Morriston Hospital,0,0,0,nearest,W01000816,Swansea Bay University Health Board,W11000031,LHB,Wales,,,,0
TA15DA,"Musgrove Park Hospital, Taunton",MP,Musgrove Park Hospital,0,0,0,nearest,E01029302,NHS Somerset ICB - 11X,E38000150,SICBL,England,NHS Somerset Integrated Care Board,E54000038,"Gloucester, BSW, BNSSG and Somerset",0
ME75NY,"Medway Maritime Hospital, Gillingham",MW,Medway Maritime Hospital,0,0,0,nearest,E01016048,NHS Kent and Medway ICB - 91Q,E38000237,SICBL,England,NHS Kent and Medway Integrated Care Board,E54000032,Kent and Medway,0
BS105NB,North Bristol Hospital (Southmead),NB,North Bristol Hospitals,1,1,1,nearest,E01014631,"NHS Bristol, North Somerset and South Gloucestershire ICB - 15C",E38000222,SICBL,England,"NHS Bristol, North Somerset and South Gloucestershire Integrated Care Board",E54000039,"Gloucester, BSW, BNSSG and Somerset",1
WV100QP,"New Cross Hospital, Wolverhampton",NC,New Cross Hospital,0,0,0,nearest,E01010476,NHS Black Country ICB - D2P2L,E38000259,SICBL,England,NHS Black Country Integrated Care Board,E54000062,North Midlands,0
DH15TW,University Hospital of North Durham,ND,University Hospital of North Durham,0,0,0,nearest,E01020702,NHS North East and North Cumbria ICB - 84H,E38000234,SICBL,England,NHS North East and North Cumbria Integrated Care Board,E54000050,North East and Cumbria,0
NR47UY,Norfolk and Norwich University Hospital,NF,Norfolk and Norwich University Hospital,0,0,0,nearest,E01026883,NHS Norfolk and Waveney ICB - 26A,E38000239,SICBL,England,NHS Norfolk and Waveney Integrated Care Board,E54000022,East of England (North),0
NN15BD,Northampton General Hospital,NG,Northampton General Hospital,0,0,0,nearest,E01027223,NHS Northamptonshire ICB - 78H,E38000262,SICBL,England,NHS Northamptonshire Integrated Care Board,E54000059,East Midlands,0
NG51PB,Nottingham City Hospital,NO,None (for 72h care),0,0,0,nearest,E01013967,NHS Nottingham and Nottinghamshire ICB - 52R,E38000243,SICBL,England,NHS Nottingham and Nottinghamshire Integrated Care Board,E54000060,East Midlands,0
NE236NZ,"Northumbria Specialist Emergency Care Hospital, Cramlington",NS,Northumbria Specialist Emergency Care Hospital HASU,0,0,0,nearest,E01027394,NHS North East and North Cumbria ICB - 00L,E38000130,SICBL,England,NHS North East and North Cumbria Integrated Care Board,E54000050,North East and Cumbria,0
TS198PE,University Hospitals of North Tees and Hartlepool,NT,University Hospitals of North Tees and Hartlepool,0,0,0,nearest,E01032544,NHS North East and North Cumbria ICB - 16C,E38000247,SICBL,England,NHS North East and North Cumbria Integrated Care Board,E54000050,North East and Cumbria,0
HA13UJ,"Northwick Park Hospital, Harrow",NW,Northwick Park Hospital HASU,0,0,0,nearest,E01000568,NHS North West London ICB - W2U3Z,E38000256,SICBL,England,NHS North West London Integrated Care Board,E54000027,London,0
CF479DT,Prince Charles Hospital (Merthyr Tydfil),PC,Prince Charles Hospital,0,0,0,nearest,W01001299,Cwm Taf Morgannwg University Health Board,W11000030,LHB,Wales,,,,0
BL97TD,Pennine Acute Hospitals NHS Trust,PE,Fairfield General Hospital,0,0,0,nearest,E01004954,NHS Greater Manchester ICB - 00V,E38000024,SICBL,England,NHS Greater Manchester Integrated Care Board,E54000057,Greater Manchester,0
PE219QS,"Pilgrim Hospital, Boston",PL,Pilgrim Hospital,0,0,0,nearest,E01026021,NHS Lincolnshire ICB - 71E,E38000238,SICBL,England,NHS Lincolnshire Integrated Care Board,E54000013,East Midlands,0
WF14DG,"Pinderfields Hospital, Wakefield",PN,Pinderfields Hospital,0,0,0,nearest,E01011884,NHS West Yorkshire ICB - 03R,E38000190,SICBL,England,NHS West Yorkshire Integrated Care Board,E54000054,West Yorkshire and Harrogate,0
BH152JB,Poole Hospital,PO,Poole Hospital,0,0,0,nearest,E01015468,NHS Dorset ICB - 11J,E38000045,SICBL,England,NHS Dorset Integrated Care Board,E54000041,Wessex,0
SA148QF,Prince Philip Hospital (Llanelli),PP,Prince Philip Hospital,0,0,0,nearest,W01000652,Hywel Dda University Health Board,W11000025,LHB,Wales,,,,0
BR68ND,Princess Royal University Hospital,PR,Princess Royal University Hospital HASU,0,0,0,nearest,E01000751,NHS South East London ICB - 72Q,E38000244,SICBL,England,NHS South East London Integrated Care Board,E54000030,London,0
PE39GZ,Peterborough City Hospital,PT,Peterborough City Hospital,0,0,0,nearest,E01015691,NHS Cambridgeshire and Peterborough ICB - 06H,E38000260,SICBL,England,NHS Cambridgeshire and Peterborough Integrated Care Board,E54000056,East of England (South),0
CF311RQ,Princess Of Wales Hospital (Bridgend),PW,Princess Of Wales Hospital,0,0,0,nearest,W01001038,Cwm Taf Morgannwg University Health Board,W11000030,LHB,Wales,,,,0
PO63LY,"Queen Alexandra Hospital, Portsmouth",QA,Queen Alexandra Hospital Portsmouth,0,0,0,nearest,E01017051,NHS Hampshire and Isle of Wight ICB - 10R,E38000137,SICBL,England,NHS Hampshire and Isle of Wight Integrated Care Board,E54000042,Wessex,0
DE130RB,"Queens Hospital, Burton upon Trent",QB,Queens Hospital Burton upon Trent,0,0,0,nearest,E01029435,NHS Staffordshire and Stoke-on-Trent ICB - 05D,E38000053,SICBL,England,NHS Staffordshire and Stoke-on-Trent Integrated Care Board,E54000010,North Midlands,0
B152TH,"Queen Elizabeth Hospital, Birmingham",QE,Queen Elizabeth Hospital Edgbaston,1,1,1,nearest,E01033562,NHS Birmingham and Solihull ICB - 15E,E38000258,SICBL,England,NHS Birmingham and Solihull Integrated Care Board,E54000055,West Midlands,0
NE96SX,"Queen Elizabeth Hospital, Gateshead",QG,None (for 72h care),0,0,0,nearest,E01008219,NHS North East and North Cumbria ICB - 13T,E38000212,SICBL,England,NHS North East and North Cumbria Integrated Care Board,E54000050,North East and Cumbria,0
PE304ET,"Queen Elizabeth Hospital, Kings Lynn",QK,Queen Elizabeth Hospital Kings Lynn,0,0,0,nearest,E01026714,NHS Norfolk and Waveney ICB - 26A,E38000239,SICBL,England,NHS Norfolk and Waveney Integrated Care Board,E54000022,East of England (North),0
CT94AN,"Queen Elizabeth the Queen Mother Hospital, Margate",QM,Queen Elizabeth the Queen Mother Hospital,0,0,0,nearest,E01024694,NHS Kent and Medway ICB - 91Q,E38000237,SICBL,England,NHS Kent and Medway Integrated Care Board,E54000032,Kent and Medway,0
NG72UH,Queen's Medical Centre - Nottingham,QN,Queen's Medical Centre - Nottingham,1,1,1,nearest,E01033410,NHS Nottingham and Nottinghamshire ICB - 52R,E38000243,SICBL,England,NHS Nottingham and Nottinghamshire Integrated Care Board,E54000060,East Midlands,0
RG15AN,"Royal Berkshire Hospital, Reading",RB,Royal Berkshire Hospital,0,0,0,nearest,E01016414,"NHS Buckinghamshire, Oxfordshire and Berkshire West ICB - 15A",E38000221,SICBL,England,"NHS Buckinghamshire, Oxfordshire and Berkshire West Integrated Care Board",E54000044,Thames Valley,0
NP202UB,Royal Gwent Hospital (Newport),RG,Royal Gwent Hospital,0,0,0,nearest,W01001686,Aneurin Bevan University Health Board,W11000028,LHB,Wales,,,,0
DY12HQ,Russells Hall Hospital,RH,Russells Hall Hospital,0,0,0,nearest,E01009884,NHS Black Country ICB - D2P2L,E38000259,SICBL,England,NHS Black Country Integrated Care Board,E54000062,North Midlands,0
E11BB,The Royal London Hospital,RL,Royal London Hospital HASU,1,1,1,nearest,E01004322,NHS North East London ICB - A3A8R,E38000255,SICBL,England,NHS North East London Integrated Care Board,E54000029,London,0
ST46QG,Royal Stoke University Hospital,RS,Royal Stoke University Hospital,1,1,1,nearest,E01014294,NHS Staffordshire and Stoke-on-Trent ICB - 05W,E38000175,SICBL,England,NHS Staffordshire and Stoke-on-Trent Integrated Care Board,E54000010,North Midlands,0
S602UD,Rotherham General Hospital,RT,Rotherham Hospital,0,0,0,nearest,E01007678,NHS South Yorkshire ICB - 03L,E38000141,SICBL,England,NHS South Yorkshire Integrated Care Board,E54000061,South Yorkshire,0
NE14LP,"Royal Victoria Infirmary, Newcastle",RV,Royal Victoria Infirmary,1,1,1,nearest,E01008395,NHS North East and North Cumbria ICB - 13T,E38000212,SICBL,England,NHS North East and North Cumbria Integrated Care Board,E54000050,North East and Cumbria,0
M68HD,Salford Royal NHS Foundation Trust,SA,Salford Royal Hospital,1,1,1,nearest,E01005719,NHS Greater Manchester ICB - 01G,E38000143,SICBL,England,NHS Greater Manchester Integrated Care Board,E54000057,Greater Manchester,0
DN157BH,Scunthorpe General Hospital,SC,Scunthorpe General Hospital,0,0,0,nearest,E01013333,NHS Humber and North Yorkshire ICB - 03K,E38000122,SICBL,England,NHS Humber and North Yorkshire Integrated Care Board,E54000051,Humber Coast and Vale,0
SS00RY,Southend Hospital,SE,Southend Hospital,0,0,0,nearest,E01015860,NHS Mid and South Essex ICB - 99G,E38000168,SICBL,England,NHS Mid and South Essex Integrated Care Board,E54000026,East of England (South),0
PR86PN,Southport and Formby District General,SF,Southport and Formby District General,0,0,0,nearest,E01006999,NHS Cheshire and Merseyside ICB - 01V,E38000170,SICBL,England,NHS Cheshire and Merseyside Integrated Care Board,E54000008,Cheshire and Merseyside,0
SW170QT,"St George's Hospital, London",SG,St George's Hospital HASU,1,1,1,nearest,E01004617,NHS South West London ICB - 36L,E38000245,SICBL,England,NHS South West London Integrated Care Board,E54000031,London,0
S102JF,"Royal Hallamshire Hospital, Sheffield",SH,Royal Hallamshire Hospital,1,1,1,nearest,E01007866,NHS South Yorkshire ICB - 03N,E38000146,SICBL,England,NHS South Yorkshire Integrated Care Board,E54000061,South Yorkshire,0
SK27JE,Stockport NHS Foundation Trust,SK,Stepping Hill Hospital,0,0,0,nearest,E01005801,NHS Greater Manchester ICB - 01W,E38000174,SICBL,England,NHS Greater Manchester Integrated Care Board,E54000057,Greater Manchester,0
PO305TG,"St Mary's Hospital, Newport",SM,St Mary's Hospital Newport,0,0,0,nearest,E01017334,NHS Hampshire and Isle of Wight ICB - D9Y0V,E38000253,SICBL,England,NHS Hampshire and Isle of Wight Integrated Care Board,E54000042,Wessex,0
SO166YD,Southampton General Hospital,SO,Southampton General Hospital,1,1,1,nearest,E01017251,NHS Hampshire and Isle of Wight ICB - D9Y0V,E38000253,SICBL,England,NHS Hampshire and Isle of Wight Integrated Care Board,E54000042,Wessex,0
KT160PZ,"St Peter's Hospital, Chertsey",SP,St Peter's Hospital,0,0,0,nearest,E01030677,NHS Surrey Heartlands ICB - 92A,E38000246,SICBL,England,NHS Surrey Heartlands Integrated Care Board,E54000052,Frimley ICS,0
PO196SE,"St Richards Hospital, Chichester",SR,St Richards Hospital,0,0,0,nearest,E01031483,NHS Sussex ICB - 70F,E38000248,SICBL,England,NHS Sussex Integrated Care Board,E54000053,Sussex,0
SP28BJ,Salisbury District Hospital,SS,Salisbury District Hospital,0,0,0,nearest,E01032000,"NHS Bath and North East Somerset, Swindon and Wiltshire ICB - 92G",E38000231,SICBL,England,"NHS Bath and North East Somerset, Swindon and Wiltshire Integrated Care Board",E54000040,"Gloucester, BSW, BNSSG and Somerset",0
NE340PL,South Tyneside District Hospital,ST,None (for 72h care),0,0,0,nearest,E01008592,NHS North East and North Cumbria ICB - 00N,E38000163,SICBL,England,NHS North East and North Cumbria Integrated Care Board,E54000050,North East and Cumbria,0
SR47TP,Sunderland Royal Hospital,SU,Sunderland Royal Hospital,0,0,0,nearest,E01008704,NHS North East and North Cumbria ICB - 00P,E38000176,SICBL,England,NHS North East and North Cumbria Integrated Care Board,E54000050,North East and Cumbria,0
B714HJ,"Sandwell District Hospital, West Bromwich",SW,Sandwell District Hospital,0,0,0,nearest,E01010104,NHS Black Country ICB - D2P2L,E38000259,SICBL,England,NHS Black Country Integrated Care Board,E54000062,North Midlands,0
TQ27AA,Torbay Hospital,TB,Torbay Hospital,0,0,0,nearest,E01015251,NHS Devon ICB - 15N,E38000230,SICBL,England,NHS Devon Integrated Care Board,E54000037,"Devon, Cornwall and Isles of Scilly",0
TF16TF,"Princess Royal Hospital, Telford",TF,Princess Royal Hospital Telford,0,0,0,nearest,E01014102,"NHS Shropshire, Telford and Wrekin ICB - M2L0M",E38000257,SICBL,England,"NHS Shropshire, Telford and Wrekin Integrated Care Board",E54000011,North Midlands,0
TR13LQ,"Royal Cornwall Hospital, Truro",TR,Royal Cornwall Hospital,0,0,0,nearest,E01018855,NHS Cornwall and the Isles of Scilly ICB - 11N,E38000089,SICBL,England,NHS Cornwall and the Isles of Scilly Integrated Care Board,E54000036,"Devon, Cornwall and Isles of Scilly",0
TN24QJ,Tunbridge Wells Hospital,TU,None (for 72h care),0,0,0,nearest,E01024825,NHS Kent and Medway ICB - 91Q,E38000237,SICBL,England,NHS Kent and Medway Integrated Care Board,E54000032,Kent and Medway,0
NW12BU,"University College London Hospital, London",UC,University College Hospital HASU,1,1,1,nearest,E01000854,NHS North Central London ICB - 93C,E38000240,SICBL,England,NHS North Central London Integrated Care Board,E54000028,London,0
WA51QG,Warrington Hospital,WA,Warrington Hospital,0,0,0,nearest,E01012457,NHS Cheshire and Merseyside ICB - 02E,E38000194,SICBL,England,NHS Cheshire and Merseyside Integrated Care Board,E54000008,Cheshire and Merseyside,0
SA612PZ,Withybush General Hospital (Haverfordwest),WB,Withybush General Hospital,0,0,0,nearest,W01000572,Hywel Dda University Health Board,W11000025,LHB,Wales,,,,0
CA288JG,"West Cumberland Hospital, Whitehaven",WC,West Cumberland Hospital,0,0,0,nearest,E01019285,NHS North East and North Cumbria ICB - 01H,E38000215,SICBL,England,NHS North East and North Cumbria Integrated Care Board,E54000050,North East and Cumbria,0
BS234TQ,"Weston General Hospital, Weston-super-Mare",WG,Weston General Hospital,0,0,0,nearest,E01014803,"NHS Bristol, North Somerset and South Gloucestershire ICB - 15C",E38000222,SICBL,England,"NHS Bristol, North Somerset and South Gloucestershire Integrated Care Board",E54000039,"Gloucester, BSW, BNSSG and Somerset",0
TN240LZ,"William Harvey Hospital, Ashford",WH,William Harvey Hospital,0,0,0,nearest,E01024004,NHS Kent and Medway ICB - 91Q,E38000237,SICBL,England,NHS Kent and Medway Integrated Care Board,E54000032,Kent and Medway,0
SO225DG,"Royal Hampshire County Hospital, Winchester",WI,Royal Hampshire County Hospital,0,0,0,nearest,E01023263,NHS Hampshire and Isle of Wight ICB - D9Y0V,E38000253,SICBL,England,NHS Hampshire and Isle of Wight Integrated Care Board,E54000042,Wessex,0
CV345BW,Warwick Hospital,WK,Warwick Hospital,0,0,0,nearest,E01031323,NHS Coventry and Warwickshire ICB - B2M3M,E38000251,SICBL,England,NHS Coventry and Warwickshire Integrated Care Board,E54000018,West Midlands,0
BN112DH,Worthing Hospital,WO,Worthing Hospital,0,0,0,nearest,E01031789,NHS Sussex ICB - 70F,E38000248,SICBL,England,NHS Sussex Integrated Care Board,E54000053,Sussex,0
L355DR,"Whiston Hospital, Prescot",WP,Whiston Hospital HASU,0,0,0,nearest,E01006499,NHS Cheshire and Merseyside ICB - 01J,E38000091,SICBL,England,NHS Cheshire and Merseyside Integrated Care Board,E54000008,Cheshire and Merseyside,0
WR51DD,"Worcestershire Royal Hospital, Worcester",WR,Worcestershire Royal Hospital,0,0,0,nearest,E01032309,NHS Herefordshire and Worcestershire ICB - 18C,E38000236,SICBL,England,NHS Herefordshire and Worcestershire Integrated Care Board,E54000019,West Midlands,0
IP332QZ,"West Suffolk Hospital, Bury St Edmunds",WS,West Suffolk Hospital,0,0,0,nearest,E01030142,NHS Suffolk and North East Essex ICB - 07K,E38000204,SICBL,England,NHS Suffolk and North East Essex Integrated Care Board,E54000023,East of England (North),0
WD180HB,Watford General Hospital,WT,Watford General Hospital,0,0,0,nearest,E01023901,NHS Hertfordshire and West Essex ICB - 06N,E38000079,SICBL,England,NHS Hertfordshire and West Essex Integrated Care Board,E54000025,East of England (South),0
SA312AF,West Wales General (Carmarthen),WW,West Wales General,0,0,0,nearest,W01000640,Hywel Dda University Health Board,W11000025,LHB,Wales,,,,0
SL24HL,"Wexham Park Hospital, Slough",WX,Wexham Park Hospital,0,0,0,nearest,E01016519,NHS Frimley ICB - D4U1Y,E38000252,SICBL,England,NHS Frimley Integrated Care Board,E54000034,Frimley ICS,0
HP112TT,"Wycombe General Hospital, High Wycombe",WY,Wycombe General Hospital,0,0,0,nearest,E01017837,"NHS Buckinghamshire, Oxfordshire and Berkshire West ICB - 14Y",E38000223,SICBL,England,"NHS Buckinghamshire, Oxfordshire and Berkshire West Integrated Care Board",E54000044,Thames Valley,0
BA214AT,Yeovil District Hospital,YE,Yeovil District Hospital,0,0,0,nearest,E01029231,NHS Somerset ICB - 11X,E38000150,SICBL,England,NHS Somerset Integrated Care Board,E54000038,"Gloucester, BSW, BNSSG and Somerset",0
YO318HE,York Hospital,YK,York Hospital,0,0,0,nearest,E01013343,NHS Humber and North Yorkshire ICB - 03Q,E38000188,SICBL,England,NHS Humber and North Yorkshire Integrated Care Board,E54000051,Humber Coast and Vale,0
LL572PW,Ysbyty Gwynedd (Bangor),YS,Ysbyty Gwynedd,0,0,0,nearest,W01000102,Betsi Cadwaladr University Health Board,W11000023,LHB,Wales,,,,0
